<?xml version="1.0" encoding="UTF-8"?>
<beans xmlns="http://www.springframework.org/schema/beans"
	xmlns:xsi="http://www.w3.org/2001/XMLSchema-instance"
	xmlns:context="http://www.springframework.org/schema/context"
	xsi:schemaLocation="http://www.springframework.org/schema/beans
    http://www.springframework.org/schema/beans/spring-beans.xsd
    http://www.springframework.org/schema/context
    http://www.springframework.org/schema/context/spring-context.xsd">


	<!-- Define your beans here -->

	<!-- define the dependency -->
	<bean id="trackCoach"
		class="com.springcore.workers.xml.TrackCoach">
		<constructor-arg ref="fortuneService" />
	</bean>

	<bean id="baseBallCoach"
		class="com.springcore.workers.xml.BaseBallCoach">
		<constructor-arg ref="fortuneService" />
	</bean>

	<bean id="cricketCoach"
		class="com.springcore.workers.xml.CricketCoach">
		
		<!-- setter injection of literals -->
		<property name="email" value="parteeknarang06@gmail.com" />
		<property name="Team" value="Sunrisers Hydrabad" />
		
		<!-- setter injection of object -->
		<property name="fortuneService" ref="fortuneService" />
		
	</bean>
	
	<bean id="fortuneService"
		class="com.springcore.workers.xml.HappyFortuneService" />

</beans>





